"delivery_person_id","total_deliveries","avg_delivery_time","avg_delay_mins","on_time_rate","avg_rating","avg_distance","avg_delivery_cost","total_revenue","total_profit","avg_efficiency","partner_tier","quality_score"
"DP0001",9,NA,NA,NA,3.92222222222222,19.3359365584091,164.355460746478,1922.95889073379,443.75974401549,NA,"Bronze",NA
"DP0002",12,NA,NA,NA,4.10833333333333,22.5831060486955,191.956401413912,2994.51986205702,691.043045090082,NA,"Bronze",NA
"DP0003",11,NA,NA,NA,3.9,14.9426396234171,127.012436799045,1816.27784622635,419.14104143685,NA,"Bronze",NA
"DP0004",15,NA,NA,NA,4.34,19.2409425915753,163.54801202839,3189.1862345536,735.966054127753,NA,"Bronze",NA
"DP0005",7,NA,NA,NA,3.95714285714286,21.7357859690845,184.754180737219,1681.26304470869,387.983779548159,NA,"Bronze",NA
"DP0006",15,NA,NA,NA,3.99333333333333,19.7899257936481,168.214369246009,3280.18020029718,756.964661607041,NA,"Bronze",NA
"DP0007",9,NA,NA,NA,3.96666666666667,23.6103417738281,200.687905077539,2348.04848940721,541.857343709355,NA,"Bronze",NA
"DP0008",12,NA,NA,NA,4.15833333333333,19.3922297840693,164.833953164589,2571.40966936759,593.402231392521,NA,"Bronze",NA
"DP0009",13,NA,NA,NA,4.06153846153846,14.8765090802577,126.450327182191,2137.01052937902,493.156276010544,NA,"Bronze",NA
"DP0010",7,NA,NA,NA,4.02857142857143,22.8821822390706,194.4985490321,1769.93679619211,408.446952967411,NA,"Bronze",NA
"DP0011",14,NA,NA,NA,3.85,18.7901671353675,159.716420650624,2906.83885584135,670.80896673262,NA,"Bronze",NA
"DP0012",11,NA,NA,NA,3.95454545454545,22.3945797899282,190.353928214389,2722.06117346577,628.167963107485,NA,"Bronze",NA
"DP0013",11,NA,NA,NA,4.11818181818182,20.1949919346108,171.657431444191,2454.70126965194,566.469523765832,NA,"Bronze",NA
"DP0014",7,NA,NA,NA,3.87142857142857,18.3813510340262,156.241483789223,1421.79750248193,328.107115957368,NA,"Bronze",NA
"DP0015",14,NA,NA,NA,4.12142857142857,18.9409337798113,160.997937128396,2930.16245573681,676.191335939265,NA,"Bronze",NA
"DP0016",8,NA,NA,NA,4.1625,16.1821186118544,137.548008200763,1430.49928528793,330.115219681831,NA,"Bronze",NA
"DP0017",13,NA,NA,NA,3.82307692307692,22.2349286852256,188.996893824418,3194.04750563266,737.087885915229,NA,"Bronze",NA
"DP0018",7,NA,NA,NA,4.22857142857143,18.5332124641338,157.532305945138,1433.54398410075,330.817842484789,NA,"Bronze",NA
"DP0019",10,NA,NA,NA,4.08,17.6271654283393,149.830906140884,1947.8017798315,449.492718422653,NA,"Bronze",NA
"DP0020",7,NA,NA,NA,4.05714285714286,25.8674194737775,219.873065527109,2000.84489629669,461.733437606929,NA,"Bronze",NA
"DP0021",22,NA,NA,NA,4,21.3885671873903,181.802821092817,5199.56068325458,1199.89861921259,NA,"Bronze",NA
"DP0022",9,NA,NA,NA,4.08888888888889,21.1133486724763,179.463463716048,2099.72252547776,484.55135203333,NA,"Bronze",NA
"DP0023",8,NA,NA,NA,3.7875,21.1632145347182,179.887323545104,1870.82816486909,431.729576508251,NA,"Bronze",NA
"DP0024",6,NA,NA,NA,3.75,23.2484532220512,197.611852387436,1541.372448622,355.701334297384,NA,"Bronze",NA
"DP0025",8,NA,NA,NA,3.8,18.9222209452506,160.83887803463,1672.72433156015,386.013307283112,NA,"Bronze",NA
"DP0026",5,NA,NA,NA,4.34,20.7589234944994,176.450849703245,1146.93052307109,264.676274554867,NA,"Bronze",NA
"DP0027",6,NA,NA,NA,3.53333333333333,20.2282570787295,171.940185169201,1341.13344431977,309.492333304562,NA,"Bronze",NA
"DP0028",15,NA,NA,NA,4.14666666666667,15.1991569095316,129.192833731018,2519.26025775486,581.367751789582,NA,"Bronze",NA
"DP0029",6,NA,NA,NA,4.31666666666667,17.6679517497837,150.177589873162,1171.38520101066,270.319661771691,NA,"Bronze",NA
"DP0030",5,NA,NA,NA,4.04,20.1449132073465,171.231762262445,1113.00645470589,256.847643393667,NA,"Bronze",NA
"DP0031",14,NA,NA,NA,4.07857142857143,17.5612039802567,149.270233832182,2716.71825574571,626.934982095164,NA,"Bronze",NA
"DP0032",16,NA,NA,NA,3.775,19.5253390664719,165.965382065011,3452.07994695223,796.633833912053,NA,"Bronze",NA
"DP0033",14,NA,NA,NA,3.90714285714286,24.9164657538586,211.789958907798,3854.57725212193,889.517827412753,NA,"Bronze",NA
"DP0034",11,NA,NA,NA,3.89090909090909,14.895459432779,126.611405178621,1810.54309405429,417.817637089451,NA,"Bronze",NA
"DP0035",15,NA,NA,NA,4.03333333333333,19.8883315447201,169.050818130121,3296.49095353735,760.728681585543,NA,"Bronze",NA
"DP0036",3,NA,NA,NA,4.26666666666667,29.8137235233278,253.416649948286,988.324934798316,228.074984953458,NA,"Bronze",NA
"DP0037",12,NA,NA,NA,3.84166666666667,21.4628213800594,182.433981730505,2845.97011499588,656.762334229818,NA,"Bronze",NA
"DP0038",6,NA,NA,NA,3.85,24.6099775848458,209.18480947119,1631.64151387528,376.532657048141,NA,"Bronze",NA
"DP0039",11,NA,NA,NA,3.83636363636364,20.9997415243505,178.497802956979,2552.5185822848,589.042749758031,NA,"Bronze",NA
"DP0040",12,NA,NA,NA,4.38333333333333,16.6780790291416,141.763671747703,2211.51327926417,510.349218291732,NA,"Bronze",NA
"DP0041",11,NA,NA,NA,4.1,18.6727759400259,158.71859549022,2269.67591551015,523.771365117727,NA,"Bronze",NA
"DP0042",15,NA,NA,NA,4.05333333333333,18.5744724414613,157.883015752421,3078.7188071722,710.473570885893,NA,"Bronze",NA
"DP0043",11,NA,NA,NA,3.89090909090909,20.7470105354945,176.349589551703,2521.79913058936,581.953645520621,NA,"Bronze",NA
"DP0044",20,NA,NA,NA,4.105,20.1542355661864,171.311002312584,4454.08606012719,1027.86601387551,NA,"Bronze",NA
"DP0045",10,NA,NA,NA,3.85,17.0775630620177,145.159286027151,1887.07071835296,435.477858081452,NA,"Bronze",NA
"DP0046",5,NA,NA,NA,4.02,19.0159657360627,161.635708756533,1050.63210691746,242.453563134799,NA,"Bronze",NA
"DP0047",9,NA,NA,NA,4.08888888888889,22.1606659705002,188.365660749252,2203.87823076624,508.587284022979,NA,"Bronze",NA
"DP0048",6,NA,NA,NA,3.46666666666667,22.0142403612615,187.121043070722,1459.54413595163,336.8178775273,NA,"Bronze",NA
"DP0049",5,NA,NA,NA,4.06,24.787096329202,210.690318798217,1369.48707218841,316.035478197326,NA,"Bronze",NA
"DP0050",8,NA,NA,NA,3.9125,19.8655131835554,168.856862060221,1756.1113654263,405.256468944531,NA,"Bronze",NA
"DP0051",10,NA,NA,NA,4.01,25.8855222907989,220.026939471791,2860.35021313328,660.080818415373,NA,"Bronze",NA
"DP0052",8,NA,NA,NA,4.1875,22.3350526134228,189.847947214094,1974.41865102658,455.635073313826,NA,"Bronze",NA
"DP0053",13,NA,NA,NA,3.95384615384615,17.1006835251948,145.355809964156,2456.51318839423,566.887658860207,NA,"Bronze",NA
"DP0054",9,NA,NA,NA,4.1,26.2571842714773,223.186066307557,2611.27697579842,602.602379030404,NA,"Bronze",NA
"DP0055",11,NA,NA,NA,4.23636363636364,16.1656774760014,137.408258546011,1964.93809720796,453.447253201838,NA,"Bronze",NA
"DP0056",10,NA,NA,NA,4.07,23.1623525069968,196.879996309473,2559.43995202315,590.639988928419,NA,"Bronze",NA
"DP0057",13,NA,NA,NA,4.03076923076923,20.8929115961382,177.589748567175,3001.26675078525,692.600019411982,NA,"Bronze",NA
"DP0058",7,NA,NA,NA,4.08571428571429,27.9309614718479,237.413172510707,2160.45986984743,498.567662272485,NA,"Bronze",NA
"DP0059",3,NA,NA,NA,3.83333333333333,25.5039183385574,216.783305877738,845.454892923178,195.104975289964,NA,"Bronze",NA
"DP0060",12,NA,NA,NA,3.76666666666667,22.3070825177871,189.61020140119,2957.91914185857,682.596725044286,NA,"Bronze",NA
"DP0061",8,NA,NA,NA,3.8125,21.9389100535584,186.480735455247,1939.39964873456,447.553765092592,NA,"Bronze",NA
"DP0062",6,NA,NA,NA,4.13333333333333,22.5529827746608,191.700353584616,1495.26275796001,345.06063645231,NA,"Bronze",NA
"DP0063",9,NA,NA,NA,4.03333333333333,17.9410112907047,152.49859597099,1784.23357286058,411.746209121673,NA,"Bronze",NA
"DP0064",11,NA,NA,NA,3.68181818181818,19.4568922421551,165.383584058318,2364.98525203395,545.765827392449,NA,"Bronze",NA
"DP0065",8,NA,NA,NA,3.9375,23.0106834431476,195.590809266755,2034.14441637425,469.417942240212,NA,"Bronze",NA
"DP0066",12,NA,NA,NA,4.06666666666667,17.5430056989293,149.115548440899,2326.20255567803,536.815974387238,NA,"Bronze",NA
"DP0067",18,NA,NA,NA,3.66111111111111,21.4739924352454,182.528935699586,4271.17709537031,985.656252777764,NA,"Bronze",NA
"DP0068",10,NA,NA,NA,4.14,19.602386488945,166.620285156032,2166.06370702842,499.860855468097,NA,"Bronze",NA
"DP0069",13,NA,NA,NA,4.13076923076923,21.2270164465463,180.429639795644,3049.26091254638,703.675595203012,NA,"Bronze",NA
"DP0070",12,NA,NA,NA,4.31666666666667,20.0568740411225,170.483429349541,2659.54149785284,613.740345658348,NA,"Bronze",NA
"DP0071",11,NA,NA,NA,3.86363636363636,16.5609889153187,140.768405780209,2012.98820265698,464.535739074688,NA,"Bronze",NA
"DP0072",11,NA,NA,NA,3.92727272727273,23.6394361268235,200.935207078,2873.3734612154,663.086183357399,NA,"Bronze",NA
"DP0073",10,NA,NA,NA,3.98,23.8611906388863,202.820120430534,2636.66156559694,608.460361291602,NA,"Bronze",NA
"DP0074",4,NA,NA,NA,3.85,16.420947673462,139.578055224427,725.805887167019,167.493666269312,NA,"Bronze",NA
"DP0075",14,NA,NA,NA,4.33571428571429,20.3173088377829,172.697125121154,3143.08767720501,725.327925508849,NA,"Bronze",NA
"DP0076",14,NA,NA,NA,4.00714285714286,19.3833099319366,164.758134421461,2998.5980464706,691.984164570138,NA,"Bronze",NA
"DP0077",11,NA,NA,NA,4.03636363636364,20.8407928197435,177.14673896782,2533.19836723983,584.584238593806,NA,"Bronze",NA
"DP0078",8,NA,NA,NA,3.925,23.2284064356488,197.441454703015,2053.39112891136,473.859491287236,NA,"Bronze",NA
"DP0079",13,NA,NA,NA,4.14615384615385,22.4098569145989,190.483783774091,3219.17594578214,742.886756718955,NA,"Bronze",NA
"DP0080",9,NA,NA,NA,3.84444444444444,20.4862284655495,174.132941957171,2037.3554208989,470.158943284361,NA,"Bronze",NA
"DP0081",9,NA,NA,NA,3.82222222222222,16.4756270133127,140.042829613158,1638.50110647395,378.115639955527,NA,"Bronze",NA
"DP0082",9,NA,NA,NA,4.04444444444444,16.8895049103132,143.560791737662,1679.66126333064,387.614137691687,NA,"Bronze",NA
"DP0083",9,NA,NA,NA,4.13333333333333,22.7638550024076,193.492767520465,2263.86537998944,522.430472305255,NA,"Bronze",NA
"DP0084",8,NA,NA,NA,3.9125,15.6505170524864,133.029394946134,1383.5057074398,319.270547870722,NA,"Bronze",NA
"DP0085",11,NA,NA,NA,4.15454545454545,17.3892568180079,147.808682953067,2113.66416622886,487.768653745122,NA,"Bronze",NA
"DP0086",12,NA,NA,NA,3.925,20.2638391815086,172.242633042823,2686.98507546804,620.073478954162,NA,"Bronze",NA
"DP0087",14,NA,NA,NA,4.17857142857143,20.6898302830649,175.863557406052,3200.71674479014,738.626941105417,NA,"Bronze",NA
"DP0088",7,NA,NA,NA,4.28571428571429,20.688464923034,175.851951845789,1600.25276179668,369.289098876157,NA,"Bronze",NA
"DP0089",9,NA,NA,NA,3.9,21.8527465417734,185.748345605074,2173.25564357937,501.5205331337,NA,"Bronze",NA
"DP0090",5,NA,NA,NA,4.04,27.5253170884381,233.965195251723,1520.7737691362,350.947792877585,NA,"Bronze",NA
"DP0091",9,NA,NA,NA,4.18888888888889,19.9346374290923,169.444418147284,1982.49969232323,457.499928997668,NA,"Bronze",NA
"DP0092",8,NA,NA,NA,4.0625,16.1458660384057,137.239861326449,1427.29455779507,329.375667183477,NA,"Bronze",NA
"DP0093",10,NA,NA,NA,4.32,25.4632559356675,216.437675453173,2813.68978089125,649.31302635952,NA,"Bronze",NA
"DP0094",9,NA,NA,NA,4.23333333333333,18.3217429071284,155.734814710592,1822.09733211392,420.483999718598,NA,"Bronze",NA
"DP0095",11,NA,NA,NA,3.7,20.1237151362788,171.05157865837,2446.03757481469,564.47020957262,NA,"Bronze",NA
"DP0096",7,NA,NA,NA,4.12857142857143,22.2024058661573,188.720449862337,1717.35609374727,396.312944710908,NA,"Bronze",NA
"DP0097",4,NA,NA,NA,4.125,15.1920156359177,129.132132905301,671.487091107563,154.958559486361,NA,"Bronze",NA
"DP0098",14,NA,NA,NA,3.86428571428571,16.8350557611473,143.097973969752,2604.38312624949,601.011490672959,NA,"Bronze",NA
"DP0099",8,NA,NA,NA,4.3,18.7254055082585,159.165946820197,1655.32584693005,381.998272368473,NA,"Bronze",NA
"DP0100",10,NA,NA,NA,4.18,21.9959449341516,186.965531940289,2430.55191522376,560.896595820867,NA,"Bronze",NA
"DP0101",5,NA,NA,NA,4.18,16.6476169372848,141.504743966921,919.780835784985,212.257115950381,NA,"Bronze",NA
"DP0102",8,NA,NA,NA,4.1875,24.7435505773568,210.320179907533,2187.32987103834,504.768431778079,NA,"Bronze",NA
"DP0103",13,NA,NA,NA,3.93076923076923,21.7892149388041,185.208326979834,3130.0207259592,722.312475221355,NA,"Bronze",NA
"DP0104",10,NA,NA,NA,4.16,14.9422081175494,127.00876899917,1651.11399698921,381.02630699751,NA,"Bronze",NA
"DP0105",9,NA,NA,NA,3.81111111111111,19.2851459573771,163.923740637705,1917.90776546115,442.594099721804,NA,"Bronze",NA
"DP0106",7,NA,NA,NA,3.78571428571429,25.1108475766019,213.442204401116,1942.32406005016,448.228629242344,NA,"Bronze",NA
"DP0107",9,NA,NA,NA,4.36666666666667,16.5964699355947,141.069994452555,1650.5189350949,380.888985021899,NA,"Bronze",NA
"DP0108",9,NA,NA,NA,3.81111111111111,22.2126586032604,188.807598127714,2209.04889809425,509.780514944827,NA,"Bronze",NA
"DP0109",8,NA,NA,NA,4.0625,22.1988777133501,188.690460563476,1962.38078986015,452.857105352341,NA,"Bronze",NA
"DP0110",9,NA,NA,NA,3.58888888888889,15.9810172033413,135.838646228401,1589.3121608723,366.764344816684,NA,"Bronze",NA
"DP0111",10,NA,NA,NA,4.01,19.8819328361736,168.996429107476,2196.95357839719,506.989287322428,NA,"Bronze",NA
"DP0112",10,NA,NA,NA,3.87,16.7521930293215,142.393640749233,1851.11732974003,427.180922247698,NA,"Bronze",NA
"DP0113",11,NA,NA,NA,4.01818181818182,20.162323795486,171.379752261631,2450.73045734133,565.553182463384,NA,"Bronze",NA
"DP0114",6,NA,NA,NA,3.68333333333333,30.8481108900451,262.208942565383,2045.22975200999,471.97609661769,NA,"Bronze",NA
"DP0115",11,NA,NA,NA,3.82727272727273,24.2793023952871,206.37407035994,2951.14920614715,681.034432187803,NA,"Bronze",NA
"DP0116",10,NA,NA,NA,4.01,19.6910577542625,167.373990911231,2175.861881846,502.121972733693,NA,"Bronze",NA
"DP0117",19,NA,NA,NA,4.17368421052632,21.9464106733743,186.544490723681,4607.64892087493,1063.30359712498,NA,"Bronze",NA
"DP0118",6,NA,NA,NA,4.06666666666667,16.946503124994,144.045276562449,1123.5531571871,259.281497812408,NA,"Bronze",NA
"DP0119",9,NA,NA,NA,3.92222222222222,22.5237874942949,191.452193701506,2239.99066630762,516.920922994067,NA,"Bronze",NA
"DP0120",6,NA,NA,NA,4.11666666666667,24.3668075808999,207.117864437649,1615.51934261366,372.812155987769,NA,"Bronze",NA
"DP0121",14,NA,NA,NA,3.90714285714286,18.5782533517233,157.915153489648,2874.0557935116,663.243644656522,NA,"Bronze",NA
"DP0122",16,NA,NA,NA,4.29375,21.4607661926583,182.416512637596,3794.26346286199,875.59926066046,NA,"Bronze",NA
"DP0123",17,NA,NA,NA,4.02352941176471,19.554976234792,166.217297995732,3673.40228570568,847.708219778233,NA,"Bronze",NA
"DP0124",14,NA,NA,NA,3.92857142857143,21.1084966525928,179.422221547039,3265.48443215611,753.573330497565,NA,"Bronze",NA
"DP0125",13,NA,NA,NA,3.75384615384615,19.1535103388326,162.804837880077,2751.40176017331,634.938867732301,NA,"Bronze",NA
"DP0126",8,NA,NA,NA,4.175,14.4319008850437,122.671157522872,1275.78003823787,294.410778054892,NA,"Bronze",NA
"DP0127",6,NA,NA,NA,4.21666666666667,19.9805668145497,169.834817923673,1324.71157980465,305.702672262611,NA,"Bronze",NA
"DP0128",10,NA,NA,NA,3.98,19.9190758168502,169.312144443227,2201.05787776194,507.93643332968,NA,"Bronze",NA
"DP0129",17,NA,NA,NA,4.27647058823529,24.3695685402677,207.141332592275,4577.82345028929,1056.4207962206,NA,"Bronze",NA
"DP0130",12,NA,NA,NA,4.05,22.2251265437686,188.913575622033,2947.05177970371,680.088872239319,NA,"Bronze",NA
"DP0131",14,NA,NA,NA,3.72857142857143,23.5953603708465,200.560563152196,3650.20224936996,842.354365239221,NA,"Bronze",NA
"DP0132",13,NA,NA,NA,4.22307692307692,17.851608262431,151.738670230663,2564.38352689821,591.780813899587,NA,"Bronze",NA
"DP0133",12,NA,NA,NA,3.85833333333333,18.0524494702701,153.445820497296,2393.75479975781,552.404953790264,NA,"Bronze",NA
"DP0134",10,NA,NA,NA,4.16,22.61086884722,192.19238520137,2498.50100761781,576.57715560411,NA,"Bronze",NA
"DP0135",10,NA,NA,NA,4.09,24.7374245912349,210.268109025497,2733.48541733146,630.80432707649,NA,"Bronze",NA
"DP0136",12,NA,NA,NA,4,19.3568335721061,164.533085362902,2566.71613166127,592.319107306446,NA,"Bronze",NA
"DP0137",9,NA,NA,NA,3.57777777777778,21.4014363343974,181.912208842378,2128.37284345582,491.16296387442,NA,"Bronze",NA
"DP0138",14,NA,NA,NA,3.86428571428571,20.6756311356207,175.742864652776,3198.52013668052,738.120031541659,NA,"Bronze",NA
"DP0139",11,NA,NA,NA,3.79090909090909,18.1342498316367,154.141123568912,2204.21806703544,508.66570777741,NA,"Bronze",NA
"DP0140",7,NA,NA,NA,3.92857142857143,18.5737431068996,157.876816408647,1436.67902931869,331.541314458158,NA,"Bronze",NA
"DP0141",14,NA,NA,NA,3.86428571428571,17.4330389096164,148.180830731739,2696.89111931766,622.359489073306,NA,"Bronze",NA
"DP0142",5,NA,NA,NA,4.24,22.6683300819229,192.680805696345,1252.42523702624,289.021208544517,NA,"Bronze",NA
"DP0143",16,NA,NA,NA,3.89375,19.6057303575583,166.648708039246,3466.29312721631,799.91379858838,NA,"Bronze",NA
"DP0144",8,NA,NA,NA,3.8,20.3492795515914,172.968876188527,1798.87631236068,415.125302852464,NA,"Bronze",NA
"DP0145",10,NA,NA,NA,3.67,24.8309124440568,211.062755774483,2743.81582506828,633.188267323448,NA,"Bronze",NA
"DP0146",12,NA,NA,NA,3.95,24.1165311266317,204.99051457637,3197.85202739137,737.965852474931,NA,"Bronze",NA
"DP0147",12,NA,NA,NA,4.05833333333333,23.0917272044177,196.27968123755,3061.96302730578,706.60685245518,NA,"Bronze",NA
"DP0148",10,NA,NA,NA,4.36,21.9367693022257,186.462539068919,2424.01300789594,559.387617206756,NA,"Bronze",NA
"DP0149",7,NA,NA,NA,4.11428571428571,18.1474585265629,154.253397475785,1403.70591702964,323.932134699148,NA,"Bronze",NA
"DP0150",5,NA,NA,NA,3.64,19.7065133098868,167.505363134038,1088.78486037124,251.258044701056,NA,"Bronze",NA
"DP0151",12,NA,NA,NA,4.05,18.1781224050568,154.514040442983,2410.41903091053,556.250545594738,NA,"Bronze",NA
"DP0152",8,NA,NA,NA,3.7375,25.2157282620762,214.333690227648,2229.07037836753,514.400856546354,NA,"Bronze",NA
"DP0153",14,NA,NA,NA,4.06428571428571,23.3281270712129,198.28908010531,3608.86125791664,832.814136442301,NA,"Bronze",NA
"DP0154",9,NA,NA,NA,3.84444444444444,26.713942917393,227.068514797841,2656.70162313474,613.08498995417,NA,"Bronze",NA
"DP0155",8,NA,NA,NA,4.225,26.8592146863156,228.303324833683,2374.3545782703,547.927979600839,NA,"Bronze",NA
"DP0156",7,NA,NA,NA,4.07142857142857,22.4219952532763,190.586959652849,1734.34133284092,400.232615270982,NA,"Bronze",NA
"DP0157",13,NA,NA,NA,3.97692307692308,24.6833575235177,209.808538949901,3545.76430825332,818.253301904613,NA,"Bronze",NA
"DP0158",8,NA,NA,NA,4.0125,21.1866587319428,180.086599221514,1872.90063190374,432.207838131633,NA,"Bronze",NA
"DP0159",10,NA,NA,NA,4.02,23.6187463581394,200.759344044184,2609.8714725744,602.278032132554,NA,"Bronze",NA
"DP0160",10,NA,NA,NA,4.15,17.607001396129,149.659511867097,1945.57365427225,448.97853560129,NA,"Bronze",NA
"DP0161",11,NA,NA,NA,4.16363636363636,17.3084720113494,147.12201209647,2103.84477297952,485.502639918351,NA,"Bronze",NA
"DP0162",11,NA,NA,NA,3.88181818181818,17.1192330022479,145.513480519107,2080.84277142324,480.194485713054,NA,"Bronze",NA
"DP0163",8,NA,NA,NA,3.825,18.8730913798824,160.421276729,1668.3812779816,385.0110641496,NA,"Bronze",NA
"DP0164",12,NA,NA,NA,3.99166666666667,16.526057267042,140.471486769857,2191.35519360978,505.697352371487,NA,"Bronze",NA
"DP0165",16,NA,NA,NA,3.95625,20.2608626545609,172.217332563767,3582.12051732636,826.643196306083,NA,"Bronze",NA
"DP0166",17,NA,NA,NA,4.05294117647059,18.1632120140943,154.387302119801,3411.95937684761,787.375240810987,NA,"Bronze",NA
"DP0167",7,NA,NA,NA,4.25714285714286,22.7555146293111,193.421874349144,1760.13905657721,406.185936133203,NA,"Bronze",NA
"DP0168",11,NA,NA,NA,4.05454545454545,19.6436472261795,166.971001422526,2387.68532034212,551.004304694336,NA,"Bronze",NA
"DP0169",9,NA,NA,NA,4.01111111111111,23.624546249543,200.808643121115,2349.46112451705,542.183336427011,NA,"Bronze",NA
"DP0170",10,NA,NA,NA,4.17,21.9852006717181,186.874205709604,2429.36467422485,560.622617128811,NA,"Bronze",NA
"DP0171",12,NA,NA,NA,4.03333333333333,22.572664595781,191.867649064139,2993.13532540056,690.723536630899,NA,"Bronze",NA
"DP0172",10,NA,NA,NA,4.2,19.7095348556705,167.531046273199,2177.90360155159,502.593138819597,NA,"Bronze",NA
"DP0173",11,NA,NA,NA,4.1,22.5418082111214,191.605369794532,2739.95678806181,632.297720321956,NA,"Bronze",NA
"DP0174",10,NA,NA,NA,3.86,20.0883646056881,170.751099148348,2219.76428892853,512.253297445045,NA,"Bronze",NA
"DP0175",6,NA,NA,NA,3.96666666666667,21.1534432638525,179.804267742747,1402.47328839342,323.647681936944,NA,"Bronze",NA
"DP0176",15,NA,NA,NA,3.92,17.1550886851508,145.818253823782,2843.45594956375,656.18214220702,NA,"Bronze",NA
"DP0177",11,NA,NA,NA,4.2,18.3608787956542,156.06746976306,2231.76481761176,515.022650218099,NA,"Bronze",NA
"DP0178",9,NA,NA,NA,4.06666666666667,20.2987075124154,172.539013855531,2018.70646210971,465.855337409933,NA,"Bronze",NA
"DP0179",6,NA,NA,NA,4.41666666666667,15.256798828844,129.682790045174,1011.52576235236,233.429022081313,NA,"Bronze",NA
"DP0180",10,NA,NA,NA,3.63,21.1707004546574,179.950953864588,2339.36240023964,539.852861593763,NA,"Bronze",NA
"DP0181",15,NA,NA,NA,4.2,20.6371829874659,175.41605539346,3420.61308017248,789.372249270571,NA,"Bronze",NA
"DP0182",10,NA,NA,NA,4.52,20.1438605314701,171.222814517495,2225.89658872744,513.668443552486,NA,"Bronze",NA
"DP0183",11,NA,NA,NA,4.03636363636364,18.9403764666214,160.993199966282,2302.20275951783,531.27755988873,NA,"Bronze",NA
"DP0184",18,NA,NA,NA,3.97777777777778,16.4253031352986,139.615076650038,3266.99279361089,753.921413910204,NA,"Bronze",NA
"DP0185",10,NA,NA,NA,4.16,21.8868263969286,186.038024373893,2418.49431686061,558.11407312168,NA,"Bronze",NA
"DP0186",5,NA,NA,NA,4.16,19.6003256367617,166.602767912475,1082.91799143108,249.904151868712,NA,"Bronze",NA
"DP0187",9,NA,NA,NA,3.92222222222222,17.4261299133101,148.122104263136,1733.02861987869,399.929681510467,NA,"Bronze",NA
"DP0188",8,NA,NA,NA,4.2625,24.4104338113611,207.488687396569,2157.88234892432,497.972849751767,NA,"Bronze",NA
"DP0189",9,NA,NA,NA,4.26666666666667,23.577343486937,200.407419638965,2344.76680977589,541.100033025205,NA,"Bronze",NA
"DP0190",7,NA,NA,NA,4.01428571428571,21.4773425894629,182.557412010435,1661.27244929496,383.370565221914,NA,"Bronze",NA
"DP0191",10,NA,NA,NA,4.26,18.9586181226574,161.148254042588,2094.92730255364,483.444762127763,NA,"Bronze",NA
"DP0192",7,NA,NA,NA,3.9,17.1416661352483,145.70416214961,1325.90787556145,305.978740514182,NA,"Bronze",NA
"DP0193",3,NA,NA,NA,4.26666666666667,15.6441813503489,132.975541477965,518.604611764065,119.677987330169,NA,"Bronze",NA
"DP0194",13,NA,NA,NA,3.84615384615385,19.6808550105391,167.287267589583,2827.15482226395,652.420343599372,NA,"Bronze",NA
"DP0195",7,NA,NA,NA,3.91428571428571,20.0219613408845,170.186671397518,1548.69870971742,357.392009934789,NA,"Bronze",NA
"DP0196",6,NA,NA,NA,3.86666666666667,17.5515339522201,149.188038593871,1163.66670103219,268.538469468967,NA,"Bronze",NA
"DP0197",9,NA,NA,NA,4.07777777777778,21.3512944464933,181.486002795193,2123.38623270376,490.01220754702,NA,"Bronze",NA
"DP0198",12,NA,NA,NA,4.05,21.2679332375322,180.777432519024,2820.12794729678,650.798757068487,NA,"Bronze",NA
"DP0199",8,NA,NA,NA,3.6375,11.3218705907197,96.2359000211173,1000.85336021962,230.966160050682,NA,"Bronze",NA
"DP0200",7,NA,NA,NA,3.97142857142857,17.3002218194629,147.051885465434,1338.17215773545,308.808959477412,NA,"Bronze",NA
"DP0201",8,NA,NA,NA,4.2625,16.1096809298496,136.932287903722,1424.09579419871,328.637490968932,NA,"Bronze",NA
"DP0202",8,NA,NA,NA,3.9125,21.1991279772472,180.192587806601,1874.00291318865,432.462210735843,NA,"Bronze",NA
"DP0203",11,NA,NA,NA,4.25454545454545,22.1275867401353,188.08448729115,2689.60816826345,620.678808060796,NA,"Bronze",NA
"DP0204",9,NA,NA,NA,3.73333333333333,19.8118151213382,168.400428531375,1970.28501381708,454.681157034712,NA,"Bronze",NA
"DP0205",10,NA,NA,NA,3.99,18.656540098198,158.580590834683,2061.54768085088,475.741772504048,NA,"Bronze",NA
"DP0206",14,NA,NA,NA,4.05714285714286,16.3157120533044,138.683552453088,2524.0406546462,582.470920302968,NA,"Bronze",NA
"DP0207",5,NA,NA,NA,4.04,21.5901774114235,183.5165079971,1192.85730198115,275.27476199565,NA,"Bronze",NA
"DP0208",11,NA,NA,NA,4.15454545454545,16.382190488982,139.248619156347,1991.25525393576,459.520443215945,NA,"Bronze",NA
"DP0209",1,NA,NA,NA,3.7,22.2897047369666,189.462490264216,246.301237343481,56.8387470792648,NA,"Bronze",NA
"DP0210",8,NA,NA,NA,3.9625,20.0476825390335,170.405301581785,1772.21513645056,408.972723796284,NA,"Bronze",NA
"DP0211",12,NA,NA,NA,3.975,22.0527215773985,187.448133407887,2924.19088116304,674.813280268393,NA,"Bronze",NA
"DP0212",9,NA,NA,NA,4.11111111111111,18.090179178267,153.76652301527,1799.06831927865,415.169612141228,NA,"Bronze",NA
"DP0213",9,NA,NA,NA,3.68888888888889,14.2709762984218,121.303298536585,1419.24859287805,327.51890604878,NA,"Bronze",NA
"DP0214",11,NA,NA,NA,3.84545454545455,24.5007871767834,208.256691002659,2978.07068133802,687.247080308774,NA,"Bronze",NA
"DP0215",10,NA,NA,NA,4.16,20.7604436654026,176.463771155922,2294.02902502698,529.391313467766,NA,"Bronze",NA
"DP0216",10,NA,NA,NA,3.79,19.2339251922293,163.488364133949,2125.34873374134,490.465092401848,NA,"Bronze",NA
"DP0217",12,NA,NA,NA,4.4,19.2719092171149,163.811228345477,2555.45516218944,589.720422043716,NA,"Bronze",NA
"DP0218",16,NA,NA,NA,4.175,20.884715629105,177.520082847393,3692.41772322577,852.096397667485,NA,"Bronze",NA
"DP0219",9,NA,NA,NA,3.87777777777778,22.8141558159008,193.920324435157,2268.86779589133,523.584875974923,NA,"Bronze",NA
"DP0220",10,NA,NA,NA,3.97,21.2469468424447,180.59904816078,2347.78762609014,541.79714448234,NA,"Bronze",NA
"DP0221",11,NA,NA,NA,3.7,19.1562395470116,162.828036149599,2328.44091693926,537.332519293675,NA,"Bronze",NA
"DP0222",8,NA,NA,NA,4.3,20.7705867508806,176.549987382485,1836.11986877785,423.719969717965,NA,"Bronze",NA
"DP0223",11,NA,NA,NA,4.04545454545455,15.2726872008914,129.817841207577,1856.39512926835,428.398875985004,NA,"Bronze",NA
"DP0224",15,NA,NA,NA,4.00666666666667,19.9257663020537,169.369013567456,3302.6957645654,762.160561053554,NA,"Bronze",NA
"DP0225",12,NA,NA,NA,3.89166666666667,17.8814235729976,151.99210037048,2371.07676577948,547.171561333727,NA,"Bronze",NA
"DP0226",5,NA,NA,NA,4.08,25.0057792380801,212.549123523681,1381.56930290393,318.823685285521,NA,"Bronze",NA
"DP0227",10,NA,NA,NA,4.04,23.5276021829239,199.984618554853,2599.80004121309,599.953855664559,NA,"Bronze",NA
"DP0228",9,NA,NA,NA,4.07777777777778,17.262715339249,146.733080383616,1716.77704048831,396.179317035764,NA,"Bronze",NA
"DP0229",11,NA,NA,NA,4,22.9734305548597,195.274159716307,2792.42048394319,644.404727063813,NA,"Bronze",NA
"DP0230",9,NA,NA,NA,3.58888888888889,19.4921618891447,165.68337605773,1938.49549987544,447.345115355871,NA,"Bronze",NA
"DP0231",10,NA,NA,NA,4.09,21.1108348894413,179.442096560251,2332.74725528326,538.326289680752,NA,"Bronze",NA
"DP0232",7,NA,NA,NA,4.04285714285714,22.6364472999157,192.409802049283,1750.92919864848,404.060584303495,NA,"Bronze",NA
"DP0233",8,NA,NA,NA,4.5,21.4620861333477,182.427732133455,1897.24841418794,437.826557120293,NA,"Bronze",NA
"DP0234",9,NA,NA,NA,4.07777777777778,15.0915237989365,128.27795229096,1500.85204180424,346.350471185593,NA,"Bronze",NA
"DP0235",6,NA,NA,NA,4.28333333333333,18.2040829596695,154.734705157191,1206.93070022609,278.522469282944,NA,"Bronze",NA
"DP0236",14,NA,NA,NA,4.08571428571429,18.958991172653,161.151424967551,2932.95593440942,676.835984863713,NA,"Bronze",NA
"DP0237",9,NA,NA,NA,3.82222222222222,17.4731027100937,148.521373035796,1737.70006451882,401.00770719665,NA,"Bronze",NA
"DP0238",8,NA,NA,NA,4.2,17.4743414574918,148.53190238868,1544.73178484227,356.476565732832,NA,"Bronze",NA
"DP0239",10,NA,NA,NA,3.89,15.3164668795687,130.189968476334,1692.46959019234,390.569905429002,NA,"Bronze",NA
"DP0240",14,NA,NA,NA,4.30714285714286,16.6779770292371,141.762804748515,2580.08304642298,595.403779943764,NA,"Bronze",NA
"DP0241",14,NA,NA,NA,4.12857142857143,23.5593359362081,200.254355457769,3644.6292693314,841.06829292263,NA,"Bronze",NA
"DP0242",9,NA,NA,NA,4.23333333333333,23.5197025511346,199.917471684644,2339.03441871034,539.777173548539,NA,"Bronze",NA
"DP0243",12,NA,NA,NA,4.00833333333333,19.3966757025094,164.87174347133,2571.99919815275,593.538276496789,NA,"Bronze",NA
"DP0244",11,NA,NA,NA,4.00909090909091,21.3002041845898,181.051735569014,2589.0398186369,597.470727377745,NA,"Bronze",NA
"DP0245",10,NA,NA,NA,4.02,16.8208342890003,142.977091456503,1858.70218893454,428.931274369508,NA,"Bronze",NA
"DP0246",7,NA,NA,NA,4.11428571428571,14.698682670768,124.938802701528,1136.9431045839,262.371485673208,NA,"Bronze",NA
"DP0247",11,NA,NA,NA,4.19090909090909,21.9015004406242,186.162753745306,2662.12737855787,614.337087359508,NA,"Bronze",NA
"DP0248",12,NA,NA,NA,3.96666666666667,21.5633757365539,183.288693760709,2859.30362266705,659.839297538551,NA,"Bronze",NA
"DP0249",10,NA,NA,NA,4.13,19.4194491433202,165.065317718222,2145.84913033688,495.195953154666,NA,"Bronze",NA
"DP0250",12,NA,NA,NA,4.025,21.2934257770491,180.994119104917,2823.50825803671,651.578828777701,NA,"Bronze",NA
"DP0251",12,NA,NA,NA,4.01666666666667,18.3972500593745,156.376625504683,2439.47535787305,562.955851816859,NA,"Bronze",NA
"DP0252",12,NA,NA,NA,4.075,23.4495222765903,199.320939351017,3109.40665387587,717.555381663662,NA,"Bronze",NA
"DP0253",8,NA,NA,NA,4.1625,18.1779636664074,154.512691164463,1606.93198811041,370.83045879471,NA,"Bronze",NA
"DP0254",10,NA,NA,NA,3.93,25.5403206461419,217.092725492206,2822.20543139868,651.278176476619,NA,"Bronze",NA
"DP0255",12,NA,NA,NA,4.14166666666667,24.1400609647752,205.190518200589,3200.97208392919,738.68586552212,NA,"Bronze",NA
"DP0256",8,NA,NA,NA,4.125,15.3174649221438,130.198451838222,1354.06389911751,312.476284411733,NA,"Bronze",NA
"DP0257",11,NA,NA,NA,4.19090909090909,17.2349192157846,146.496813334169,2094.90443067861,483.439484002757,NA,"Bronze",NA
"DP0258",9,NA,NA,NA,3.8,22.6310657159626,192.364058585682,2250.65948545248,519.382958181341,NA,"Bronze",NA
"DP0259",12,NA,NA,NA,4.08333333333333,15.6854694120043,133.326490002036,2079.89324403177,479.975364007331,NA,"Bronze",NA
"DP0260",12,NA,NA,NA,3.98333333333333,23.0050676466138,195.543074996217,3050.47196994099,703.955069986382,NA,"Bronze",NA
"DP0261",11,NA,NA,NA,4.15454545454545,24.8670762117093,211.370147799529,3022.59311353326,697.521487738446,NA,"Bronze",NA
"DP0262",4,NA,NA,NA,3.975,20.1257396921273,171.068787383082,889.557694392026,205.282544859698,NA,"Bronze",NA
"DP0263",8,NA,NA,NA,3.9875,19.3425587185654,164.411749107806,1709.88219072118,394.588197858735,NA,"Bronze",NA
"DP0264",7,NA,NA,NA,4.07142857142857,20.7382282580291,176.274940193247,1604.10195575855,370.177374405819,NA,"Bronze",NA
"DP0265",11,NA,NA,NA,3.87272727272727,15.8637296132296,134.841701712452,1928.23633448806,444.977615651091,NA,"Bronze",NA
"DP0266",7,NA,NA,NA,4.65714285714286,16.7970621262082,142.775028072769,1299.2527554622,299.827558952815,NA,"Bronze",NA
"DP0267",8,NA,NA,NA,3.5125,18.0321459384608,153.273240476917,1594.04170095993,367.8557771446,NA,"Bronze",NA
"DP0268",8,NA,NA,NA,4.05,21.7414372377327,184.802216520728,1921.94305181557,443.525319649748,NA,"Bronze",NA
"DP0269",15,NA,NA,NA,4.01333333333333,18.9435533747421,161.020203685308,3139.8939718635,724.590916583885,NA,"Bronze",NA
"DP0270",8,NA,NA,NA,4.1125,23.9087209264377,203.224127874721,2113.5309298971,487.73790689933,NA,"Bronze",NA
"DP0271",9,NA,NA,NA,4.12222222222222,24.2065017445322,205.755264828524,2407.33659849373,555.539215037015,NA,"Bronze",NA
"DP0272",13,NA,NA,NA,4.00769230769231,18.5939217177824,158.048334601151,2671.01685475945,616.388504944488,NA,"Bronze",NA
"DP0273",11,NA,NA,NA,4.11818181818182,23.4879996411737,199.647996949976,2854.96635638466,658.838389934921,NA,"Bronze",NA
"DP0274",8,NA,NA,NA,3.6625,22.7906432924224,193.720467985591,2014.69286705014,464.929123165418,NA,"Bronze",NA
"DP0275",9,NA,NA,NA,4.08888888888889,17.7847260267149,151.170171227077,1768.6910033568,408.159462313108,NA,"Bronze",NA
"DP0276",11,NA,NA,NA,4.01818181818182,23.0907985021865,196.271787268585,2806.68655794077,647.696897986331,NA,"Bronze",NA
"DP0277",7,NA,NA,NA,4.11428571428571,19.2724088568622,163.815475283329,1490.72082507829,344.012498094991,NA,"Bronze",NA
"DP0278",6,NA,NA,NA,3.46666666666667,22.8377967040066,194.121271984056,1514.14592147564,349.418289571302,NA,"Bronze",NA
"DP0279",10,NA,NA,NA,3.88,22.0603974152358,187.513378029505,2437.67391438356,562.540134088514,NA,"Bronze",NA
"DP0280",7,NA,NA,NA,4.22857142857143,26.9047068242036,228.690008005731,2081.07907285215,480.249016812034,NA,"Bronze",NA
"DP0281",11,NA,NA,NA,4.15454545454545,21.0209849553797,178.678372120727,2555.1007213264,589.6386279984,NA,"Bronze",NA
"DP0282",12,NA,NA,NA,4.025,19.654839143249,167.066132717617,2606.23167039482,601.438077783421,NA,"Bronze",NA
"DP0283",12,NA,NA,NA,4.28333333333333,23.3455141398007,198.436870188306,3095.61517493758,714.372732677902,NA,"Bronze",NA
"DP0284",11,NA,NA,NA,4.15454545454545,22.2170166679836,188.844641677861,2700.47837599341,623.187317536941,NA,"Bronze",NA
"DP0285",13,NA,NA,NA,3.96153846153846,23.0604857431942,196.014128817151,3312.63877700985,764.455102386889,NA,"Bronze",NA
"DP0286",6,NA,NA,NA,3.88333333333333,16.1434927647317,137.219688500219,1070.31357030171,246.995439300395,NA,"Bronze",NA
"DP0287",11,NA,NA,NA,4.2,23.2882765127214,197.950350358132,2830.69001012129,653.236156181836,NA,"Bronze",NA
"DP0288",14,NA,NA,NA,3.90714285714286,19.5637172333399,166.291596483389,3026.50705599769,698.424705230235,NA,"Bronze",NA
"DP0289",4,NA,NA,NA,3.775,13.9012064788345,118.160255070093,614.433326364485,141.792306084112,NA,"Bronze",NA
"DP0290",11,NA,NA,NA,4.06363636363636,18.3807335258575,156.236234969789,2234.17816006798,515.579575400303,NA,"Bronze",NA
"DP0291",6,NA,NA,NA,3.83333333333333,19.0839244855209,162.213358126927,1265.26419339003,291.984044628469,NA,"Bronze",NA
"DP0292",10,NA,NA,NA,4.44,18.3275546478947,155.784214507105,2025.19478859236,467.352643521314,NA,"Bronze",NA
"DP0293",8,NA,NA,NA,4.15,24.1436653370797,205.221155365177,2134.30001579785,492.530772876426,NA,"Bronze",NA
"DP0294",14,NA,NA,NA,4.03571428571429,20.2700899777762,172.295764811097,3135.78291956197,723.642212206609,NA,"Bronze",NA
"DP0295",12,NA,NA,NA,4.04166666666667,19.6597457636087,167.107838990674,2606.88228825451,601.588220366426,NA,"Bronze",NA
"DP0296",11,NA,NA,NA,3.93636363636364,15.3943858663262,130.852279863773,1871.18760205195,431.81252355045,NA,"Bronze",NA
"DP0297",7,NA,NA,NA,4.41428571428571,19.9715113845277,169.757846768485,1544.79640559321,356.491478213819,NA,"Bronze",NA
"DP0298",4,NA,NA,NA,4.4,19.3561525061926,164.527296302637,855.541940773715,197.432755563165,NA,"Bronze",NA
"DP0299",10,NA,NA,NA,3.67,22.0729463969095,187.62004437373,2439.06057685849,562.860133121191,NA,"Bronze",NA
"DP0300",12,NA,NA,NA,4.04166666666667,16.4523631615988,139.845086873589,2181.58335522799,503.442312744922,NA,"Bronze",NA
"DP0301",9,NA,NA,NA,3.95555555555556,22.8502378503653,194.227021728105,2272.45615421883,524.412958665884,NA,"Bronze",NA
"DP0302",16,NA,NA,NA,4.025,17.4023597566113,147.920057931196,3076.73720496888,710.016278069743,NA,"Bronze",NA
"DP0303",12,NA,NA,NA,3.79166666666667,22.8993336990666,194.644336442066,3036.45164849623,700.719611191438,NA,"Bronze",NA
"DP0304",11,NA,NA,NA,4.23636363636364,22.696231846842,192.917970698157,2758.72698098364,636.629303303918,NA,"Bronze",NA
"DP0305",10,NA,NA,NA,4.03,23.4254372357939,199.116216504248,2588.51081455523,597.348649512745,NA,"Bronze",NA
"DP0306",11,NA,NA,NA,3.9,19.1684033796827,162.931428727303,2329.91943080043,537.673714800099,NA,"Bronze",NA
"DP0307",9,NA,NA,NA,4.11111111111111,25.8435992514576,219.67059363739,2570.14594555746,593.110602820952,NA,"Bronze",NA
"DP0308",9,NA,NA,NA,3.82222222222222,21.8138751629755,185.417938885292,2169.38988495792,500.628434990289,NA,"Bronze",NA
"DP0309",12,NA,NA,NA,4.08333333333333,25.7342705283423,218.741299490909,3412.36427205819,787.468678167274,NA,"Bronze",NA
"DP0310",14,NA,NA,NA,3.85714285714286,20.0550521995129,170.467943695859,3102.51657526464,715.96536352261,NA,"Bronze",NA
"DP0311",10,NA,NA,NA,4.16,19.5346998558041,166.044948774335,2158.58433406636,498.134846323006,NA,"Bronze",NA
"DP0312",10,NA,NA,NA,4.12,19.2830945346609,163.906303544618,2130.78194608003,491.718910633853,NA,"Bronze",NA
"DP0313",8,NA,NA,NA,3.6875,18.486506648692,157.135306513882,1634.20718774437,377.124735633317,NA,"Bronze",NA
"DP0314",15,NA,NA,NA,3.98,18.8245908892102,160.009022558287,3120.17593988659,720.040601512291,NA,"Bronze",NA
"DP0315",6,NA,NA,NA,4.31666666666667,17.3887927503214,147.804738377732,1152.87695934631,266.048529079917,NA,"Bronze",NA
"DP0316",5,NA,NA,NA,4.2,15.7936879304442,134.246347408775,872.60125815704,201.369521113163,NA,"Bronze",NA
"DP0317",9,NA,NA,NA,3.93333333333333,16.4672646580624,139.97174959353,1637.6694702443,377.923723902532,NA,"Bronze",NA
"DP0318",10,NA,NA,NA,3.87,19.6534358771884,167.054204956101,2171.70466442932,501.162614868304,NA,"Bronze",NA
"DP0319",12,NA,NA,NA,3.95,24.7995394130592,210.796085011003,3288.41892617165,758.865906039612,NA,"Bronze",NA
"DP0320",6,NA,NA,NA,4.26666666666667,20.2298591472238,171.953802751402,1341.23966146094,309.516844952524,NA,"Bronze",NA
"DP0321",10,NA,NA,NA,3.79,20.1737145137345,171.476573366744,2229.19545376767,514.429720100231,NA,"Bronze",NA
"DP0322",6,NA,NA,NA,3.86666666666667,26.2278380915015,222.936623777762,1738.90566546655,401.285922799973,NA,"Bronze",NA
"DP0323",7,NA,NA,NA,3.77142857142857,31.8660735354901,270.861625051666,2464.84078797016,568.809412608498,NA,"Bronze",NA
"DP0324",10,NA,NA,NA,4.01,22.1365298450969,188.160503683324,2446.08654788321,564.481511049971,NA,"Bronze",NA
"DP0325",10,NA,NA,NA,3.95,20.5215025801687,174.432771931434,2267.62603510864,523.298315794301,NA,"Bronze",NA
"DP0326",7,NA,NA,NA,3.91428571428571,20.7806868207322,176.635837976223,1607.38612558363,370.935259750069,NA,"Bronze",NA
"DP0327",8,NA,NA,NA,4.0875,20.2243961478937,171.907367257096,1787.8366194738,412.577681417031,NA,"Bronze",NA
"DP0328",11,NA,NA,NA,4.1,20.058361140321,170.496069692728,2438.09379660602,562.637029986004,NA,"Bronze",NA
"DP0329",10,NA,NA,NA,3.91,20.5437845260327,174.622168471278,2270.08819012661,523.866505413834,NA,"Bronze",NA
"DP0330",10,NA,NA,NA,4.07,19.3376929488956,164.370390065612,2136.81507085296,493.111170196837,NA,"Bronze",NA
"DP0331",8,NA,NA,NA,3.9875,16.5615578373355,140.773241617351,1464.04171282045,337.855779881644,NA,"Bronze",NA
"DP0332",15,NA,NA,NA,3.86,20.5882213071711,174.999881110954,3412.4976816636,787.499464999293,NA,"Bronze",NA
"DP0333",8,NA,NA,NA,4.1,20.0026962845012,170.022918418261,1768.23835154991,408.055004203825,NA,"Bronze",NA
"DP0334",6,NA,NA,NA,4.35,23.054713972702,195.965068767967,1528.52753639014,352.737123782341,NA,"Bronze",NA
"DP0335",5,NA,NA,NA,3.78,16.5936603750097,141.046113187582,916.799735719285,211.569169781373,NA,"Bronze",NA
"DP0336",13,NA,NA,NA,3.93076923076923,23.6600678352959,201.110576600015,3398.76874454026,784.33124874006,NA,"Bronze",NA
"DP0337",15,NA,NA,NA,3.94,22.6944979509822,192.903232583349,3761.6130353753,868.064546625069,NA,"Bronze",NA
"DP0338",11,NA,NA,NA,4.18181818181818,22.7916483155254,193.729010681966,2770.32485275212,639.305735250489,NA,"Bronze",NA
"DP0339",10,NA,NA,NA,4.04,16.9342085857989,143.940772979291,1871.23004873078,431.822318937872,NA,"Bronze",NA
"DP0340",8,NA,NA,NA,3.85,20.5751233511112,174.888548484445,1818.84090423823,419.732516362668,NA,"Bronze",NA
"DP0341",13,NA,NA,NA,4.01538461538462,21.9003917154238,186.153329581102,3145.99126992062,725.997985366297,NA,"Bronze",NA
"DP0342",5,NA,NA,NA,3.74,24.0792526258934,204.673647320094,1330.37870758061,307.010470980141,NA,"Bronze",NA
"DP0343",6,NA,NA,NA,4.06666666666667,18.757942880255,159.442514482167,1243.65161296091,286.996526067901,NA,"Bronze",NA
"DP0344",10,NA,NA,NA,4.04,19.1235363436366,162.550058920911,2113.15076597185,487.650176762734,NA,"Bronze",NA
"DP0345",6,NA,NA,NA,3.91666666666667,23.2169331692683,197.34393193878,1539.28266912249,355.219077489804,NA,"Bronze",NA
"DP0346",9,NA,NA,NA,4.01111111111111,14.5863447863454,123.983930683936,1450.61198900205,334.756612846627,NA,"Bronze",NA
"DP0347",5,NA,NA,NA,3.26,23.0265978170542,195.726081444961,1272.21952939225,293.589122167442,NA,"Bronze",NA
"DP0348",9,NA,NA,NA,3.75555555555556,20.3489090468044,172.965726897838,2023.6990047047,467.007462624162,NA,"Bronze",NA
"DP0349",7,NA,NA,NA,4.28571428571429,18.4310118196991,156.663600467442,1425.63876425372,328.993560981628,NA,"Bronze",NA
"DP0350",10,NA,NA,NA,3.56,16.7399228406223,142.289344145289,1849.76147388876,426.868032435868,NA,"Bronze",NA
"DP0351",9,NA,NA,NA,4.06666666666667,17.9206499792564,152.32552482368,1782.20864043705,411.278917023935,NA,"Bronze",NA
"DP0352",10,NA,NA,NA,4.01,21.4208518308273,182.077240562032,2367.00412730642,546.231721686096,NA,"Bronze",NA
"DP0353",10,NA,NA,NA,3.81,19.1769688624986,163.004235331238,2119.0550593061,489.012705993715,NA,"Bronze",NA
"DP0354",15,NA,NA,NA,3.82666666666667,20.5290384996632,174.496827247137,3402.68813131917,785.235722612117,NA,"Bronze",NA
"DP0355",16,NA,NA,NA,4.05,21.9661343396672,186.712141887171,3883.61255125316,896.218281058421,NA,"Bronze",NA
"DP0356",11,NA,NA,NA,3.93636363636364,21.5155965573287,182.882570737294,2615.22076154331,603.512483433071,NA,"Bronze",NA
"DP0357",15,NA,NA,NA,4.14666666666667,16.2795578346444,138.376241594477,2698.33671109231,622.693087175148,NA,"Bronze",NA
"DP0358",10,NA,NA,NA,4.31,22.2940868599575,189.499738309639,2463.49659802531,568.499214928918,NA,"Bronze",NA
"DP0359",12,NA,NA,NA,4.10833333333333,22.0579109460375,187.492243041319,2924.87899144458,674.972074948749,NA,"Bronze",NA
"DP0360",9,NA,NA,NA,4.07777777777778,25.1584041372055,213.846435166246,2502.00329144508,577.385374948866,NA,"Bronze",NA
"DP0361",9,NA,NA,NA,4.16666666666667,23.1491227253147,196.767543165175,2302.18025503255,531.272366545972,NA,"Bronze",NA
"DP0362",17,NA,NA,NA,3.95294117647059,15.9152591332016,135.279702632214,2989.68142817192,689.92648342429,NA,"Bronze",NA
"DP0363",16,NA,NA,NA,4.05,22.6616572013143,192.624086211172,4006.58099319237,924.595613813624,NA,"Bronze",NA
"DP0364",6,NA,NA,NA,3.76666666666667,25.9349018791367,220.446665972662,1719.48399458676,396.803998750792,NA,"Bronze",NA
"DP0365",8,NA,NA,NA,4.025,17.5626636828815,149.282641304493,1552.53946956673,358.278339130783,NA,"Bronze",NA
"DP0366",12,NA,NA,NA,4.03333333333333,18.4577116979275,156.890549432384,2447.49257114519,564.805977956583,NA,"Bronze",NA
"DP0367",15,NA,NA,NA,3.84666666666667,19.6675049965326,167.173792470527,3259.88895317527,752.282066117371,NA,"Bronze",NA
"DP0368",8,NA,NA,NA,3.775,22.4680982731681,190.978835321928,1986.17988734806,458.349204772628,NA,"Bronze",NA
"DP0369",9,NA,NA,NA,3.86666666666667,21.4691157915097,182.487484227832,2135.10356546564,492.716207415148,NA,"Bronze",NA
"DP0370",9,NA,NA,NA,4.32222222222222,16.8574961234883,143.28871704965,1676.47798948091,386.879536034056,NA,"Bronze",NA
"DP0371",9,NA,NA,NA,4.02222222222222,23.103580793722,196.380436746637,2297.65110993566,530.227179215921,NA,"Bronze",NA
"DP0372",10,NA,NA,NA,3.96,19.3105469691882,164.1396492381,2133.8154400953,492.418947714299,NA,"Bronze",NA
"DP0373",8,NA,NA,NA,4.1625,21.6798797331513,184.278977731786,1916.50136841057,442.269546556286,NA,"Bronze",NA
"DP0374",10,NA,NA,NA,4.27,23.6038165671766,200.632440821001,2608.22173067302,601.897322463004,NA,"Bronze",NA
"DP0375",7,NA,NA,NA,4.1,18.8148030433239,159.925825868254,1455.32501540111,335.844234323333,NA,"Bronze",NA
"DP0376",12,NA,NA,NA,4.05,18.6020981919374,158.117834631468,2466.6382202509,569.224204673284,NA,"Bronze",NA
"DP0377",4,NA,NA,NA,3.525,29.933762747879,254.436983356971,1323.07231345625,305.324380028366,NA,"Bronze",NA
"DP0378",12,NA,NA,NA,4.01666666666667,19.7747258965025,168.085170120272,2622.12865387624,605.106612432978,NA,"Bronze",NA
"DP0379",9,NA,NA,NA,4.33333333333333,18.568316541256,157.830690600676,1846.61908002791,426.142864621825,NA,"Bronze",NA
"DP0380",15,NA,NA,NA,4.10666666666667,21.5596713828442,183.257206754175,3573.51553170642,824.657430393789,NA,"Bronze",NA
"DP0381",12,NA,NA,NA,4.29166666666667,17.6342521501199,149.891143276019,2338.3018351059,539.608115793669,NA,"Bronze",NA
"DP0382",9,NA,NA,NA,4.37777777777778,14.2483415998564,121.110903598779,1416.99757210572,326.999439716704,NA,"Bronze",NA
"DP0383",14,NA,NA,NA,4.25,20.3833492924873,173.258468986142,3153.30413554778,727.685569741796,NA,"Bronze",NA
"DP0384",7,NA,NA,NA,3.94285714285714,25.6440130604394,217.974111013735,1983.56441022498,457.745633128842,NA,"Bronze",NA
"DP0385",10,NA,NA,NA,3.95,20.8686782776888,177.383765360355,2305.98894968462,532.151296081065,NA,"Bronze",NA
"DP0386",13,NA,NA,NA,4.14615384615385,19.138675653921,162.678743058328,2749.27075768575,634.44709792748,NA,"Bronze",NA
"DP0387",10,NA,NA,NA,3.68,21.5298173442808,183.003447426387,2379.04481654303,549.010342279161,NA,"Bronze",NA
"DP0388",12,NA,NA,NA,3.91666666666667,22.9004670275411,194.653969734099,3036.60192785195,700.754291042757,NA,"Bronze",NA
"DP0389",7,NA,NA,NA,4.11428571428571,22.3285081921444,189.792319633227,1727.11010866237,398.563871229778,NA,"Bronze",NA
"DP0390",8,NA,NA,NA,3.775,21.9225188951467,186.341410608747,1937.95067033096,447.219385460992,NA,"Bronze",NA
"DP0391",13,NA,NA,NA,3.85384615384615,20.3713775061393,173.156708802184,2926.3483787569,675.311164328516,NA,"Bronze",NA
"DP0392",16,NA,NA,NA,4.2125,18.7902950920175,159.717508282149,3322.12417226869,766.644039754314,NA,"Bronze",NA
"DP0393",11,NA,NA,NA,4.04545454545455,22.6913927999627,192.876838799683,2758.13879483547,636.493568038955,NA,"Bronze",NA
"DP0394",11,NA,NA,NA,3.88181818181818,24.5509720350007,208.683262297506,2984.17065085433,688.654765581769,NA,"Bronze",NA
"DP0395",12,NA,NA,NA,4.35833333333333,16.3654601943018,139.106411651565,2170.06002176441,500.783081945634,NA,"Bronze",NA
"DP0396",6,NA,NA,NA,4.53333333333333,16.1789717958194,137.521260264465,1072.66583006283,247.538268476037,NA,"Bronze",NA
"DP0397",18,NA,NA,NA,3.93888888888889,18.9177790165673,160.801121640822,3762.74624639523,868.326056860439,NA,"Bronze",NA
"DP0398",13,NA,NA,NA,4.21538461538462,26.3628377660308,224.084121011262,3787.02164509032,873.92807194392,NA,"Bronze",NA
"DP0399",7,NA,NA,NA,3.85714285714286,18.4144109520859,156.52249309273,1424.35468714384,328.697235494733,NA,"Bronze",NA
"DP0400",8,NA,NA,NA,4.0125,25.3802915561374,215.732478227168,2243.61777356254,517.757947745202,NA,"Bronze",NA
"DP0401",10,NA,NA,NA,4.35,22.2315922885109,188.968534452343,2456.59094788046,566.905603357029,NA,"Bronze",NA
"DP0402",15,NA,NA,NA,4.00666666666667,17.8540405467095,151.759344647031,2959.3072206171,682.917050911639,NA,"Bronze",NA
"DP0403",10,NA,NA,NA,4.11,24.2797853841416,206.378175765203,2682.91628494764,619.13452729561,NA,"Bronze",NA
"DP0404",9,NA,NA,NA,3.82222222222222,21.1139263581526,179.468374044297,2099.77997631828,484.564609919603,NA,"Bronze",NA
"DP0405",11,NA,NA,NA,4.07272727272727,21.9947216290942,186.955133847301,2673.4584140164,616.951941696093,NA,"Bronze",NA
"DP0406",14,NA,NA,NA,3.99285714285714,19.3807080838867,164.736018713037,2998.19554057728,691.891278594756,NA,"Bronze",NA
"DP0407",15,NA,NA,NA,4.00666666666667,19.5137317721226,165.866720063042,3234.40104122932,746.400240283688,NA,"Bronze",NA
"DP0408",8,NA,NA,NA,4.0625,22.7291768108791,193.198002892472,2009.25923008171,463.675206941934,NA,"Bronze",NA
"DP0409",12,NA,NA,NA,4.06666666666667,15.7324879861462,133.726147882243,2086.12790696298,481.414132376073,NA,"Bronze",NA
"DP0410",11,NA,NA,NA,3.97272727272727,19.5097945465974,165.833253646078,2371.41552713892,547.249737032058,NA,"Bronze",NA
"DP0411",10,NA,NA,NA,3.94,20.0922134913758,170.783814676695,2220.18959079703,512.351444030084,NA,"Bronze",NA
"DP0412",11,NA,NA,NA,3.8,16.9533076179029,144.103114752174,2060.67454095609,475.540278682175,NA,"Bronze",NA
"DP0413",8,NA,NA,NA,4.35,23.4157286132536,199.033693212656,2069.95040941162,477.680863710374,NA,"Bronze",NA
"DP0414",12,NA,NA,NA,4.525,18.9342110247373,160.940793710267,2510.67638188016,579.386857356961,NA,"Bronze",NA
"DP0415",9,NA,NA,NA,4.15555555555556,18.5299609853105,157.504668375139,1842.80461998913,425.262604612877,NA,"Bronze",NA
"DP0416",12,NA,NA,NA,3.8,20.0631513833549,170.536786758517,2660.37387343286,613.932432330661,NA,"Bronze",NA
"DP0417",7,NA,NA,NA,3.68571428571429,25.2560841720162,214.676715462138,1953.55811070546,450.82110247049,NA,"Bronze",NA
"DP0418",9,NA,NA,NA,4.24444444444444,24.7197988212701,210.118289980796,2458.38399277532,567.31938294815,NA,"Bronze",NA
"DP0419",6,NA,NA,NA,3.95,17.9771591747163,152.805852985089,1191.88565328369,275.05053537316,NA,"Bronze",NA
"DP0420",15,NA,NA,NA,3.83333333333333,23.5156383000947,199.882925550805,3897.7170482407,899.473164978623,NA,"Bronze",NA
"DP0421",10,NA,NA,NA,4.18,21.4437889557588,182.27220612395,2369.53867961135,546.816618371849,NA,"Bronze",NA
"DP0422",11,NA,NA,NA,4.02727272727273,23.4185893352547,199.058009349665,2846.52953370021,656.891430853895,NA,"Bronze",NA
"DP0423",9,NA,NA,NA,4.13333333333333,22.1385029301276,188.177274906085,2201.67411640119,508.078642246429,NA,"Bronze",NA
"DP0424",8,NA,NA,NA,3.775,19.2078595038501,163.266805782726,1697.97478014035,391.840333878542,NA,"Bronze",NA
"DP0425",7,NA,NA,NA,4.15714285714286,19.7721460660654,168.063241561556,1529.37549821016,352.932807279268,NA,"Bronze",NA
"DP0426",11,NA,NA,NA,3.93636363636364,17.339541651941,147.386104041499,2107.62128779343,486.374143336945,NA,"Bronze",NA
"DP0427",7,NA,NA,NA,4.55714285714286,16.7492472432182,142.368601567354,1295.55427426292,298.974063291444,NA,"Bronze",NA
"DP0428",10,NA,NA,NA,3.92,22.7737087511599,193.576524384859,2516.49481700317,580.729573154578,NA,"Bronze",NA
"DP0429",8,NA,NA,NA,4.075,20.6839037223395,175.813181639886,1828.45708905481,421.951635935726,NA,"Bronze",NA
"DP0430",14,NA,NA,NA,3.90714285714286,21.9184709900298,186.307003415254,3390.78746215762,782.489414344065,NA,"Bronze",NA
"DP0431",14,NA,NA,NA,4.05714285714286,20.8243425542564,177.006911711179,3221.52579314346,743.429029186952,NA,"Bronze",NA
"DP0432",11,NA,NA,NA,4.1,20.9867810138396,178.387638617637,2550.94323223221,588.679207438202,NA,"Bronze",NA
"DP0433",8,NA,NA,NA,3.8,21.5718903104628,183.361067638934,1906.95510344492,440.066562333442,NA,"Bronze",NA
"DP0434",15,NA,NA,NA,3.82666666666667,18.5446833335227,157.629808334943,3073.78126253139,709.334137507245,NA,"Bronze",NA
"DP0435",8,NA,NA,NA,4.0125,14.7262592445094,125.17320357833,1301.80131721463,300.415688587993,NA,"Bronze",NA
"DP0436",8,NA,NA,NA,4,21.4944056995381,182.702448446074,1900.10546383916,438.485876270577,NA,"Bronze",NA
"DP0437",7,NA,NA,NA,3.98571428571429,19.4928859196281,165.689530316839,1507.77472588323,347.948013665362,NA,"Bronze",NA
"DP0438",13,NA,NA,NA,3.94615384615385,19.8401854778836,168.641576562011,2850.04264389798,657.702148591842,NA,"Bronze",NA
"DP0439",11,NA,NA,NA,4.31818181818182,17.733198566966,150.732187819211,2155.47028581472,497.416219803396,NA,"Bronze",NA
"DP0440",17,NA,NA,NA,4.07058823529412,22.7890599403651,193.707009493103,4280.92490979759,987.905748414828,NA,"Bronze",NA
"DP0441",10,NA,NA,NA,3.76,18.5182190622525,157.404862029147,2046.26320637891,472.21458608744,NA,"Bronze",NA
"DP0442",14,NA,NA,NA,4.10714285714286,22.3881144895831,190.298973161456,3463.4413115385,799.255687278116,NA,"Bronze",NA
"DP0443",14,NA,NA,NA,4.14285714285714,20.6888863533605,175.855534003564,3200.57071886487,738.593242814971,NA,"Bronze",NA
"DP0444",11,NA,NA,NA,3.83636363636364,21.0137100993872,178.616535844791,2554.21646258051,589.43456828781,NA,"Bronze",NA
"DP0445",7,NA,NA,NA,4.5,24.6279803034253,209.337832579115,1904.97427646995,439.609448416142,NA,"Bronze",NA
"DP0446",5,NA,NA,NA,4.54,14.620626228998,124.275322946483,807.789599152142,186.412984419725,NA,"Bronze",NA
"DP0447",6,NA,NA,NA,3.8,23.1151842737404,196.479066326793,1532.53671734899,353.662319388228,NA,"Bronze",NA
"DP0448",9,NA,NA,NA,3.65555555555556,17.5013571788217,148.761536019985,1740.50997143382,401.656147253959,NA,"Bronze",NA
"DP0449",5,NA,NA,NA,3.66,23.8660823700103,202.861700145088,1318.60105094307,304.292550217632,NA,"Bronze",NA
"DP0450",13,NA,NA,NA,4.07692307692308,21.4892401588409,182.658541350147,3086.92934881749,712.368311265575,NA,"Bronze",NA
"DP0451",6,NA,NA,NA,4.15,22.435837260642,190.704616715457,1487.49601038057,343.268310087823,NA,"Bronze",NA
"DP0452",10,NA,NA,NA,4.05,22.1579687540391,188.342734409332,2448.45554732132,565.028203227998,NA,"Bronze",NA
"DP0453",10,NA,NA,NA,3.9,22.3278736724362,189.786926215708,2467.2300408042,569.360778647123,NA,"Bronze",NA
"DP0454",7,NA,NA,NA,3.8,17.8523461384646,151.744942176949,1380.87897381023,318.664378571593,NA,"Bronze",NA
"DP0455",7,NA,NA,NA,4.38571428571429,19.5795200757271,166.425920643681,1514.4758778575,349.49443335173,NA,"Bronze",NA
"DP0456",7,NA,NA,NA,3.85714285714286,12.4660291681535,105.961247929305,964.247356156671,222.51862065154,NA,"Bronze",NA
"DP0457",6,NA,NA,NA,4.5,17.0492756460882,144.91884299175,1130.36697533565,260.85391738515,NA,"Bronze",NA
"DP0458",13,NA,NA,NA,3.85384615384615,20.8573550755889,177.287518142506,2996.15905660835,691.421320755773,NA,"Bronze",NA
"DP0459",5,NA,NA,NA,4.24,23.0094682423448,195.580480059931,1271.27312038955,293.370720089897,NA,"Bronze",NA
"DP0460",9,NA,NA,NA,3.92222222222222,28.8605317374387,245.314519768229,2870.17988128828,662.349203374217,NA,"Bronze",NA
"DP0461",9,NA,NA,NA,4.11111111111111,17.4876553641391,148.645070595182,1739.14732596363,401.341690606992,NA,"Bronze",NA
"DP0462",16,NA,NA,NA,4.175,19.8877186342362,169.045608391008,3516.14865453297,811.418920276839,NA,"Bronze",NA
"DP0463",10,NA,NA,NA,3.97,19.1289626940629,162.596182899534,2113.75037769395,487.788548698603,NA,"Bronze",NA
"DP0464",15,NA,NA,NA,4.12,18.3833485072574,156.258462311688,3047.04001507791,703.163080402594,NA,"Bronze",NA
"DP0465",12,NA,NA,NA,4.1,25.341664274344,215.404146331924,3360.30468277802,775.454926794928,NA,"Bronze",NA
"DP0466",16,NA,NA,NA,3.85,20.3800499318802,173.230424420982,3603.19282795642,831.506037220712,NA,"Bronze",NA
"DP0467",10,NA,NA,NA,3.89,19.6984757804314,167.437044133667,2176.68157373767,502.311132401001,NA,"Bronze",NA
"DP0468",15,NA,NA,NA,4.04,23.522016833446,199.937143084291,3898.77429014367,899.71714387931,NA,"Bronze",NA
"DP0469",13,NA,NA,NA,3.78461538461538,19.8403128166821,168.642658941798,2850.06093611639,657.706369873013,NA,"Bronze",NA
"DP0470",15,NA,NA,NA,4.04,21.5012814080944,182.760891968802,3563.83739339164,822.424013859609,NA,"Bronze",NA
"DP0471",12,NA,NA,NA,4.18333333333333,16.786356504718,142.684030290103,2225.8708725256,513.66250904437,NA,"Bronze",NA
"DP0472",7,NA,NA,NA,3.98571428571429,18.5021958291356,157.268664547652,1431.14484738364,330.26419555007,NA,"Bronze",NA
"DP0473",5,NA,NA,NA,3.86,24.6364228090258,209.409593876719,1361.16236019867,314.114390815079,NA,"Bronze",NA
"DP0474",12,NA,NA,NA,4.13333333333333,21.7282907889932,184.690471706443,2881.1713586205,664.885698143193,NA,"Bronze",NA
"DP0475",12,NA,NA,NA,4.39166666666667,16.6653728955196,141.655669611916,2209.8284459459,509.960410602899,NA,"Bronze",NA
"DP0476",6,NA,NA,NA,3.91666666666667,22.7777169146666,193.610593774666,1510.1626314424,348.499068794399,NA,"Bronze",NA
"DP0477",7,NA,NA,NA,4.35714285714286,28.6369551382841,243.414118675415,2215.06847994627,511.169649218371,NA,"Bronze",NA
"DP0478",12,NA,NA,NA,3.775,22.4534673982722,190.854472885314,2977.32977701089,687.076102387129,NA,"Bronze",NA
"DP0479",10,NA,NA,NA,3.96,18.9254483527078,160.866310998016,2091.26204297421,482.59893299405,NA,"Bronze",NA
"DP0480",8,NA,NA,NA,3.8375,17.3427317384297,147.413219776652,1533.09748567718,353.791727463966,NA,"Bronze",NA
"DP0481",11,NA,NA,NA,3.89090909090909,20.3125778103704,172.656911388148,2468.99383285052,569.767807580889,NA,"Bronze",NA
"DP0482",12,NA,NA,NA,3.80833333333333,21.3020591540561,181.067502809477,2824.65304382784,651.843010114117,NA,"Bronze",NA
"DP0483",7,NA,NA,NA,3.88571428571429,16.1209833519083,137.028358491221,1246.95806227011,287.759552831564,NA,"Bronze",NA
"DP0484",6,NA,NA,NA,3.68333333333333,24.5994561729344,209.095377469942,1630.94394426555,376.371679445896,NA,"Bronze",NA
"DP0485",10,NA,NA,NA,4,17.3874657111774,147.793458545008,1921.31496108511,443.380375635024,NA,"Bronze",NA
"DP0486",10,NA,NA,NA,4,22.4609574294445,190.918138150278,2481.93579595361,572.754414450834,NA,"Bronze",NA
"DP0487",5,NA,NA,NA,3.56,17.5869304226356,149.488908592403,971.677905850617,224.233362888604,NA,"Bronze",NA
"DP0488",5,NA,NA,NA,3.64,18.3302424765152,155.807061050379,1012.74589682747,233.710591575569,NA,"Bronze",NA
"DP0489",6,NA,NA,NA,4.15,12.6938910616938,107.898074024397,841.604977390297,194.216533243915,NA,"Bronze",NA
"DP0490",9,NA,NA,NA,3.83333333333333,18.2930526927909,155.490947888722,1819.24409029805,419.82555929955,NA,"Bronze",NA
"DP0491",7,NA,NA,NA,4.21428571428571,20.1966080574852,171.671168488624,1562.20763324648,360.50945382611,NA,"Bronze",NA
"DP0492",6,NA,NA,NA,4.21666666666667,25.7978107018625,219.281390965831,1710.39484953348,394.706503738497,NA,"Bronze",NA
"DP0493",6,NA,NA,NA,3.56666666666667,18.8830146328141,160.50562437892,1251.94387015558,288.910123882056,NA,"Bronze",NA
"DP0494",11,NA,NA,NA,4,18.832657707898,160.077590517133,2289.10954439501,528.25604870654,NA,"Bronze",NA
"DP0495",5,NA,NA,NA,4.32,27.7944332689853,236.252682786375,1535.64243811144,354.379024179562,NA,"Bronze",NA
"DP0496",11,NA,NA,NA,4.04545454545454,21.8142695633296,185.421291288301,2651.52446542271,611.890261251395,NA,"Bronze",NA
"DP0497",6,NA,NA,NA,4.16666666666667,22.4566035316906,190.881130019371,1488.87281415109,343.586034034867,NA,"Bronze",NA
"DP0498",12,NA,NA,NA,4,16.1841086750465,137.564923737895,2146.01281031116,495.233725456422,NA,"Bronze",NA
"DP0499",13,NA,NA,NA,4.12307692307692,17.5267219713726,148.977136756667,2517.71361118768,581.010833351003,NA,"Bronze",NA
"DP0500",9,NA,NA,NA,4.17777777777778,20.206745163821,171.757333892478,2009.560806542,463.744801509692,NA,"Bronze",NA
